{"cameraMode":{"drawMode":0,"name":"Shaded","section":"Shading Mode"},"sceneLighting":true,"audioPlay":false,"sceneViewState":{"m_AlwaysRefresh":false,"showFog":true,"showSkybox":true,"showFlares":true,"showImageEffects":true,"showParticleSystems":true,"showVisualEffectGraphs":true,"m_FxEnabled":true},"in2DMode":false,"pivot":{"x":0.4040171205997467,"y":1.1865519285202027,"z":0.020364323630928994},"rotation":{"x":0.01799616776406765,"y":-0.017700180411338807,"z":-0.0003186172398272902,"w":-0.9996806979179382},"size":4.126922130584717,"orthographic":true}