{"cameraMode":{"drawMode":0,"name":"Shaded","section":"Shading Mode"},"sceneLighting":true,"audioPlay":false,"sceneViewState":{"m_AlwaysRefresh":false,"showFog":true,"showSkybox":true,"showFlares":true,"showImageEffects":true,"showParticleSystems":true,"showVisualEffectGraphs":true,"m_FxEnabled":true},"in2DMode":false,"pivot":{"x":-0.11303380131721497,"y":0.9614501595497131,"z":0.032877374440431598},"rotation":{"x":0.0005399063811637461,"y":0.9994590878486633,"z":-0.02399163693189621,"w":0.022491591051220895},"size":3.924492359161377,"orthographic":true}