{"cameraMode":{"drawMode":0,"name":"Shaded","section":"Shading Mode"},"sceneLighting":true,"audioPlay":false,"sceneViewState":{"m_AlwaysRefresh":false,"showFog":true,"showSkybox":true,"showFlares":true,"showImageEffects":true,"showParticleSystems":true,"showVisualEffectGraphs":true,"m_FxEnabled":true},"in2DMode":false,"pivot":{"x":-0.6035012006759644,"y":0.5681291818618774,"z":-6.961345195770264},"rotation":{"x":-0.13010257482528687,"y":-0.020526394248008729,"z":0.0026940074749290945,"w":-0.9912875294685364},"size":4.37269926071167,"orthographic":true}